run_time,device_id,state,loop_counter,motor_0_temperature,motor_1_temperature,motor_2_temperature,motor_3_temperature,motor_4_temperature,motor_5_temperature,driver_0_temperature,driver_1_temperature,driver_2_temperature,driver_3_temperature,driver_4_temperature,driver_5_temperature,errors
1:56:28,1,Normal,348,32.29999923706055,42.900001525878906,37.5,34.900001525878906,37.0,37.70000076293945,37.5,44.5,41.60000228881836,39.400001525878906,48.400001525878906,48.29999923706055,
1:56:28,0,Normal,348,36.400001525878906,47.900001525878906,39.20000076293945,35.5,37.400001525878906,39.0,41.400001525878906,49.0,43.0,40.70000076293945,50.400001525878906,42.900001525878906,
