run_time,device_id,state,loop_counter,motor_0_temperature,motor_1_temperature,motor_2_temperature,motor_3_temperature,motor_4_temperature,motor_5_temperature,driver_0_temperature,driver_1_temperature,driver_2_temperature,driver_3_temperature,driver_4_temperature,driver_5_temperature,errors
0:00:44,0,Normal,1,36.20000076293945,43.5,45.400001525878906,35.20000076293945,37.5,39.5,41.900001525878906,46.400001525878906,45.79999923706055,41.20000076293945,50.400001525878906,44.20000076293945,
0:00:44,1,Normal,1,31.30000114440918,39.10000228881836,39.400001525878906,34.70000076293945,37.0,37.900001525878906,37.29999923706055,42.29999923706055,42.20000076293945,39.5,48.79999923706055,48.400001525878906,
