run_time,device_id,state,loop_counter,motor_0_temperature,motor_1_temperature,motor_2_temperature,motor_3_temperature,motor_4_temperature,motor_5_temperature,driver_0_temperature,driver_1_temperature,driver_2_temperature,driver_3_temperature,driver_4_temperature,driver_5_temperature,errors
0:02:05,0,Normal,0,39.29999923706055,55.0,44.5,38.29999923706055,40.70000076293945,42.79999923706055,45.0,51.70000076293945,47.5,44.10000228881836,53.79999923706055,47.29999923706055,
0:02:05,1,Normal,0,40.79999923706055,73.5,76.0999984741211,42.900001525878906,43.400001525878906,43.20000076293945,46.60000228881836,55.0,65.30000305175781,47.79999923706055,53.29999923706055,53.79999923706055,
