run_time,device_id,state,loop_counter,motor_0_temperature,motor_1_temperature,motor_2_temperature,motor_3_temperature,motor_4_temperature,motor_5_temperature,driver_0_temperature,driver_1_temperature,driver_2_temperature,driver_3_temperature,driver_4_temperature,driver_5_temperature,errors
0:25:29,1,Normal,75,31.700000762939453,60.79999923706055,58.10000228881836,37.20000076293945,37.79999923706055,38.10000228881836,36.900001525878906,52.60000228881836,49.60000228881836,41.5,49.900001525878906,48.79999923706055,
0:25:29,0,Normal,75,35.79999923706055,47.400001525878906,44.900001525878906,36.29999923706055,39.0,41.400001525878906,40.79999923706055,48.400001525878906,47.10000228881836,42.0,52.5,46.10000228881836,
