run_time,device_id,state,loop_counter,motor_0_temperature,motor_1_temperature,motor_2_temperature,motor_3_temperature,motor_4_temperature,motor_5_temperature,driver_0_temperature,driver_1_temperature,driver_2_temperature,driver_3_temperature,driver_4_temperature,driver_5_temperature,errors
0:01:03,1,Normal,2,30.899999618530273,39.60000228881836,39.70000076293945,34.70000076293945,37.10000228881836,37.900001525878906,37.0,41.79999923706055,42.400001525878906,39.400001525878906,48.900001525878906,48.5,
0:01:03,0,Normal,2,36.20000076293945,43.70000076293945,42.5,35.29999923706055,37.60000228881836,39.60000228881836,42.0,45.900001525878906,44.70000076293945,41.20000076293945,51.0,44.29999923706055,
