run_time,device_id,state,loop_counter,motor_0_temperature,motor_1_temperature,motor_2_temperature,motor_3_temperature,motor_4_temperature,motor_5_temperature,driver_0_temperature,driver_1_temperature,driver_2_temperature,driver_3_temperature,driver_4_temperature,driver_5_temperature,errors
22:53:09,0,Normal,4118,41.29999923706055,53.0,43.70000076293945,40.10000228881836,42.20000076293945,43.900001525878906,46.400001525878906,53.900001525878906,47.400001525878906,45.20000076293945,54.60000228881836,47.79999923706055,
22:53:09,1,Normal,4118,45.0,77.0999984741211,59.400001525878906,44.400001525878906,43.900001525878906,44.29999923706055,50.29999923706055,67.9000015258789,58.10000228881836,48.70000076293945,54.900001525878906,54.79999923706055,
