run_time,device_id,state,loop_counter,motor_0_temperature,motor_1_temperature,motor_2_temperature,motor_3_temperature,motor_4_temperature,motor_5_temperature,driver_0_temperature,driver_1_temperature,driver_2_temperature,driver_3_temperature,driver_4_temperature,driver_5_temperature,errors
0:21:05,1,Normal,0,39.70000076293945,101.4000015258789,66.0,38.900001525878906,39.60000228881836,39.60000228881836,44.900001525878906,74.80000305175781,57.900001525878906,43.400001525878906,49.900001525878906,49.5,
0:21:05,0,Normal,0,38.0,60.29999923706055,44.70000076293945,36.0,37.400001525878906,39.0,43.0,54.10000228881836,46.400001525878906,41.79999923706055,49.5,42.900001525878906,
